Files,Depth,,,
../../TrainImages/1.png,../1.png,../../TrainImages/,1.png,../
../../TrainImages/2.png,../2.png,../../TrainImages/,2.png,../
../../TrainImages/3.png,../3.png,../../TrainImages/,3.png,../
../../TrainImages/4.png,../4.png,../../TrainImages/,4.png,../
../../TrainImages/5.png,../5.png,../../TrainImages/,5.png,../
../../TrainImages/6.png,../6.png,../../TrainImages/,6.png,../
../../TrainImages/7.png,../7.png,../../TrainImages/,7.png,../
../../TrainImages/8.png,../8.png,../../TrainImages/,8.png,../
../../TrainImages/9.png,../9.png,../../TrainImages/,9.png,../
../../TrainImages/10.png,../10.png,../../TrainImages/,10.png,../
../../TrainImages/11.png,../11.png,../../TrainImages/,11.png,../
../../TrainImages/12.png,../12.png,../../TrainImages/,12.png,../
../../TrainImages/13.png,../13.png,../../TrainImages/,13.png,../
../../TrainImages/14.png,../14.png,../../TrainImages/,14.png,../
../../TrainImages/15.png,../15.png,../../TrainImages/,15.png,../
../../TrainImages/16.png,../16.png,../../TrainImages/,16.png,../
../../TrainImages/17.png,../17.png,../../TrainImages/,17.png,../
../../TrainImages/18.png,../18.png,../../TrainImages/,18.png,../
../../TrainImages/19.png,../19.png,../../TrainImages/,19.png,../
../../TrainImages/20.png,../20.png,../../TrainImages/,20.png,../
